0,0,0.484,1.187,1.672,2.375,2.875,3.578,4.062,4.75,5.234,5.937,6.422,7.125,7.609,8.297,8.781,9.484,9.969,10.656,11.141,11.828,12.312,13.016,13.5,14.203,14.687
879.999,4933.819231,4730.819231,4101.819231,3965.819231,3811.819231,3590.819231,3296.819231,3313.819231,3430.819231,3232.819231,3505.819231,3153.819231,2697.819231,2992.819231,2896.819231,2893.819231,2675.819231,3264.819231,2744.819231,2403.819231,2190.819231,2482.819231,2045.819231,2113.819231,1902.819231,1910.819231
878.194,5077.2,4772.2,4115.2,3995.2,3771.2,3515.2,3333.2,3324.2,3340.2,3264.2,3498.2,3008.2,2841.2,3270.2,2855.2,2712.2,2555.2,3203.2,2752.2,2382.2,2098.2,2316.2,2016.2,2086.2,1851.2,1949.2
876.39,4916.173077,4866.173077,4106.173077,4016.173077,3767.173077,3640.173077,3325.173077,3190.173077,3371.173077,3331.173077,3449.173077,3083.173077,2824.173077,3050.173077,2905.173077,2785.173077,2505.173077,3131.173077,2783.173077,2273.173077,2207.173077,2407.173077,2066.173077,2055.173077,1882.173077,1888.173077
874.587,4962.073077,4775.073077,4071.073077,4149.073077,3677.073077,3506.073077,3260.073077,3293.073077,3311.073077,3273.073077,3406.073077,3080.073077,2725.073077,3149.073077,2937.073077,2766.073077,2565.073077,3195.073077,2720.073077,2374.073077,2169.073077,2479.073077,2095.073077,2146.073077,1930.073077,1834.073077
872.782,4950.703846,4777.703846,4144.703846,4062.703846,3694.703846,3612.703846,3376.703846,3230.703846,3322.703846,3184.703846,3478.703846,3093.703846,2796.703846,3078.703846,2926.703846,2920.703846,2631.703846,3154.703846,2822.703846,2396.703846,2197.703846,2265.703846,1851.703846,2020.703846,1851.703846,1872.703846
870.978,5006.876923,4781.876923,4021.876923,3940.876923,3747.876923,3561.876923,3241.876923,3252.876923,3401.876923,3321.876923,3452.876923,3015.876923,2767.876923,3167.876923,2908.876923,2804.876923,2615.876923,3207.876923,2797.876923,2381.876923,2149.876923,2317.876923,1902.876923,2139.876923,1857.876923,1824.876923
869.173,5039.088462,4745.088462,4066.088462,3949.088462,3710.088462,3558.088462,3315.088462,3243.088462,3318.088462,3325.088462,3586.088462,3132.088462,2771.088462,3105.088462,2879.088462,2803.088462,2578.088462,3209.088462,2758.088462,2385.088462,2261.088462,2426.088462,2015.088462,2101.088462,1847.088462,1767.088462
867.367,4892.396154,4750.396154,4034.396154,3942.396154,3744.396154,3558.396154,3368.396154,3264.396154,3356.396154,3237.396154,3527.396154,3118.396154,2790.396154,2986.396154,2999.396154,2782.396154,2654.396154,3133.396154,2684.396154,2386.396154,2197.396154,2426.396154,1980.396154,2065.396154,1821.396154,1908.396154
865.562,4916.934615,4716.934615,4028.934615,4025.934615,3705.934615,3482.934615,3255.934615,3339.934615,3333.934615,3223.934615,3411.934615,3100.934615,2737.934615,3048.934615,2820.934615,2785.934615,2605.934615,3244.934615,2719.934615,2385.934615,2165.934615,2475.934615,2063.934615,2081.934615,1908.934615,1935.934615
863.754,4990.142308,4847.142308,4125.142308,3952.142308,3708.142308,3489.142308,3280.142308,3234.142308,3399.142308,3236.142308,3484.142308,3096.142308,2784.142308,3134.142308,2906.142308,2789.142308,2521.142308,3175.142308,2685.142308,2262.142308,2188.142308,2388.142308,1966.142308,2004.142308,1860.142308,1997.142308
861.947,5050.557692,4818.557692,3922.557692,3887.557692,3659.557692,3546.557692,3418.557692,3249.557692,3490.557692,3281.557692,3552.557692,3144.557692,2757.557692,3098.557692,2918.557692,2739.557692,2546.557692,3093.557692,2684.557692,2192.557692,2171.557692,2352.557692,2050.557692,2018.557692,1841.557692,1964.557692
860.141,4945.919231,4763.919231,4092.919231,4030.919231,3717.919231,3558.919231,3259.919231,3278.919231,3433.919231,3143.919231,3443.919231,3064.919231,2699.919231,3089.919231,2943.919231,2794.919231,2577.919231,3159.919231,2649.919231,2349.919231,2319.919231,2333.919231,1947.919231,2119.919231,1874.919231,1883.919231
858.334,4995.119231,4704.119231,4014.119231,4051.119231,3843.119231,3437.119231,3321.119231,3254.119231,3355.119231,3194.119231,3440.119231,3150.119231,2759.119231,3139.119231,3007.119231,2711.119231,2547.119231,3195.119231,2550.119231,2392.119231,2211.119231,2432.119231,1916.119231,2143.119231,1777.119231,1974.119231
856.526,4990.038462,4801.038462,3974.038462,3996.038462,3773.038462,3526.038462,3334.038462,3304.038462,3321.038462,3242.038462,3457.038462,3048.038462,2703.038462,3169.038462,2934.038462,2763.038462,2528.038462,3154.038462,2760.038462,2331.038462,2158.038462,2305.038462,1902.038462,2086.038462,1851.038462,1870.038462
854.719,4925.746154,4758.746154,4104.746154,3983.746154,3653.746154,3410.746154,3318.746154,3398.746154,3297.746154,3238.746154,3347.746154,3061.746154,2736.746154,3152.746154,2927.746154,2849.746154,2631.746154,3217.746154,2714.746154,2357.746154,2232.746154,2286.746154,1962.746154,2048.746154,1821.746154,1774.746154
852.908,4877.869231,4710.869231,4048.869231,4053.869231,3615.869231,3463.869231,3296.869231,3193.869231,3348.869231,3202.869231,3367.869231,3074.869231,2698.869231,3138.869231,2880.869231,2801.869231,2596.869231,3075.869231,2706.869231,2337.869231,2256.869231,2250.869231,2009.869231,2124.869231,1924.869231,1964.869231
851.1,4825.630769,4664.630769,3948.630769,4058.630769,3634.630769,3428.630769,3260.630769,3292.630769,3367.630769,3225.630769,3556.630769,3064.630769,2703.630769,3054.630769,2991.630769,2810.630769,2543.630769,3180.630769,2697.630769,2414.630769,2068.630769,2460.630769,1982.630769,2160.630769,1736.630769,1827.630769
849.291,5039.053846,4616.053846,4070.053846,4024.053846,3699.053846,3468.053846,3378.053846,3304.053846,3275.053846,3221.053846,3441.053846,3113.053846,2815.053846,3109.053846,2869.053846,2718.053846,2514.053846,3131.053846,2794.053846,2322.053846,2098.053846,2438.053846,1990.053846,2095.053846,1822.053846,1805.053846
847.482,4785.573077,4680.573077,3998.573077,4099.573077,3791.573077,3389.573077,3315.573077,3257.573077,3332.573077,3179.573077,3426.573077,3123.573077,2791.573077,3071.573077,2852.573077,2830.573077,2625.573077,3237.573077,2636.573077,2407.573077,2143.573077,2312.573077,1977.573077,2171.573077,1791.573077,1876.573077
845.67,4897.730769,4701.730769,4116.730769,3892.730769,3644.730769,3507.730769,3325.730769,3162.730769,3329.730769,3233.730769,3366.730769,3094.730769,2784.730769,3138.730769,3034.730769,2751.730769,2571.730769,3252.730769,2712.730769,2400.730769,2274.730769,2309.730769,1912.730769,2043.730769,1872.730769,1914.730769
843.861,4989.319231,4674.319231,4084.319231,4028.319231,3768.319231,3438.319231,3288.319231,3249.319231,3313.319231,3257.319231,3356.319231,3202.319231,2678.319231,3082.319231,2938.319231,2808.319231,2554.319231,3236.319231,2613.319231,2289.319231,2205.319231,2324.319231,1918.319231,2118.319231,1863.319231,1953.319231
842.05,4928.346154,4738.346154,4094.346154,4062.346154,3718.346154,3447.346154,3306.346154,3328.346154,3312.346154,3230.346154,3454.346154,3131.346154,2641.346154,3181.346154,3041.346154,2758.346154,2654.346154,3248.346154,2663.346154,2345.346154,2208.346154,2335.346154,1889.346154,2131.346154,1708.346154,1830.346154
840.24,4856.823077,4788.823077,4042.823077,3989.823077,3802.823077,3474.823077,3341.823077,3284.823077,3400.823077,3214.823077,3431.823077,3054.823077,2692.823077,3096.823077,3018.823077,2862.823077,2572.823077,3295.823077,2615.823077,2315.823077,2189.823077,2327.823077,1898.823077,2040.823077,1880.823077,2022.823077
838.427,4975.361538,4876.361538,4108.361538,3992.361538,3694.361538,3484.361538,3368.361538,3318.361538,3334.361538,3266.361538,3514.361538,3141.361538,2673.361538,3051.361538,2905.361538,2776.361538,2565.361538,3130.361538,2711.361538,2237.361538,2189.361538,2388.361538,1991.361538,2149.361538,1834.361538,1989.361538
836.615,4950.834615,4774.834615,4074.834615,3990.834615,3757.834615,3458.834615,3240.834615,3230.834615,3376.834615,3334.834615,3418.834615,3050.834615,2812.834615,3016.834615,2943.834615,2719.834615,2647.834615,3226.834615,2708.834615,2290.834615,2229.834615,2297.834615,1909.834615,2069.834615,1884.834615,1895.834615
834.804,5015.646154,4769.646154,4159.646154,4019.646154,3682.646154,3557.646154,3293.646154,3253.646154,3320.646154,3259.646154,3488.646154,3145.646154,2653.646154,3123.646154,2913.646154,2751.646154,2585.646154,3144.646154,2679.646154,2219.646154,2078.646154,2322.646154,1901.646154,2185.646154,1847.646154,2021.646154
832.992,4929.476923,4737.476923,4069.476923,3989.476923,3850.476923,3473.476923,3398.476923,3250.476923,3392.476923,3256.476923,3504.476923,3086.476923,2709.476923,3058.476923,2895.476923,2819.476923,2525.476923,3125.476923,2585.476923,2280.476923,2203.476923,2267.476923,1970.476923,1991.476923,1857.476923,1991.476923
831.177,4883.807692,4725.807692,4075.807692,3942.807692,3689.807692,3504.807692,3347.807692,3356.807692,3279.807692,3229.807692,3423.807692,3083.807692,2757.807692,3115.807692,2934.807692,2780.807692,2537.807692,3191.807692,2661.807692,2344.807692,2229.807692,2381.807692,2047.807692,2043.807692,1786.807692,1878.807692
829.365,4900.907692,4752.907692,4100.907692,3959.907692,3645.907692,3502.907692,3276.907692,3253.907692,3325.907692,3246.907692,3402.907692,3068.907692,2634.907692,3116.907692,2766.907692,2806.907692,2567.907692,3217.907692,2687.907692,2331.907692,2250.907692,2441.907692,1976.907692,2103.907692,1881.907692,1911.907692
827.552,4846.796154,4734.796154,4036.796154,4005.796154,3704.796154,3467.796154,3270.796154,3330.796154,3276.796154,3132.796154,3419.796154,3132.796154,2589.796154,3071.796154,2960.796154,2770.796154,2490.796154,3165.796154,2775.796154,2312.796154,2235.796154,2296.796154,2016.796154,2171.796154,1816.796154,1856.796154
825.736,4838.276923,4765.276923,4051.276923,4019.276923,3670.276923,3460.276923,3215.276923,3294.276923,3292.276923,3223.276923,3415.276923,3034.276923,2806.276923,3078.276923,2876.276923,2798.276923,2564.276923,3212.276923,2684.276923,2338.276923,2065.276923,2293.276923,1966.276923,2144.276923,1877.276923,1893.276923
823.923,4818.119231,4655.119231,4036.119231,3908.119231,3662.119231,3444.119231,3345.119231,3280.119231,3340.119231,3216.119231,3439.119231,3138.119231,2756.119231,3088.119231,2963.119231,2699.119231,2586.119231,3225.119231,2758.119231,2290.119231,2118.119231,2222.119231,1955.119231,2106.119231,1738.119231,1868.119231
822.108,4804.042308,4794.042308,4127.042308,3996.042308,3623.042308,3512.042308,3368.042308,3301.042308,3308.042308,3121.042308,3459.042308,3102.042308,2767.042308,3116.042308,2986.042308,2664.042308,2590.042308,3128.042308,2669.042308,2262.042308,2058.042308,2400.042308,1978.042308,2064.042308,1794.042308,1910.042308
820.292,4827.646154,4727.646154,4119.646154,3973.646154,3627.646154,3420.646154,3330.646154,3230.646154,3333.646154,3226.646154,3392.646154,3060.646154,2755.646154,3016.646154,2950.646154,2800.646154,2559.646154,3130.646154,2610.646154,2314.646154,2137.646154,2302.646154,1963.646154,2000.646154,1794.646154,1928.646154
818.477,4831.076923,4766.076923,3968.076923,4111.076923,3634.076923,3448.076923,3240.076923,3218.076923,3343.076923,3231.076923,3469.076923,3086.076923,2807.076923,3077.076923,2887.076923,2789.076923,2470.076923,3193.076923,2645.076923,2288.076923,2217.076923,2357.076923,1907.076923,2025.076923,1802.076923,1879.076923
816.66,4872.615385,4762.615385,4062.615385,3906.615385,3631.615385,3533.615385,3215.615385,3170.615385,3260.615385,3254.615385,3358.615385,3051.615385,2750.615385,2986.615385,2853.615385,2674.615385,2459.615385,3160.615385,2731.615385,2387.615385,2165.615385,2304.615385,1988.615385,2118.615385,1829.615385,1956.615385
814.844,4909.257692,4714.257692,3955.257692,3914.257692,3654.257692,3503.257692,3345.257692,3252.257692,3245.257692,3224.257692,3367.257692,3023.257692,2744.257692,3216.257692,2927.257692,2703.257692,2447.257692,3084.257692,2721.257692,2309.257692,2115.257692,2289.257692,1985.257692,2140.257692,1912.257692,1962.257692
813.028,4844.215385,4715.215385,3942.215385,3998.215385,3624.215385,3463.215385,3204.215385,3225.215385,3300.215385,3199.215385,3407.215385,3067.215385,2715.215385,3072.215385,2915.215385,2793.215385,2624.215385,3115.215385,2773.215385,2420.215385,2197.215385,2333.215385,1957.215385,2024.215385,1781.215385,1909.215385
811.21,4847.226923,4746.226923,4059.226923,3946.226923,3690.226923,3517.226923,3255.226923,3132.226923,3411.226923,3148.226923,3426.226923,3063.226923,2734.226923,3099.226923,2938.226923,2689.226923,2481.226923,3097.226923,2681.226923,2360.226923,2252.226923,2275.226923,1955.226923,2130.226923,1893.226923,1903.226923
809.394,4943.323077,4775.323077,3973.323077,3933.323077,3604.323077,3351.323077,3277.323077,3297.323077,3290.323077,3270.323077,3352.323077,3176.323077,2717.323077,3032.323077,2975.323077,2640.323077,2473.323077,3198.323077,2696.323077,2403.323077,2217.323077,2322.323077,1947.323077,2082.323077,1908.323077,1995.323077
807.575,4944.7,4629.7,3945.7,4022.7,3565.7,3474.7,3275.7,3190.7,3354.7,3178.7,3477.7,3088.7,2785.7,3031.7,2974.7,2719.7,2469.7,3117.7,2655.7,2413.7,2307.7,2329.7,1992.7,2108.7,1789.7,1925.7
805.757,4951.792308,4689.792308,4104.792308,3935.792308,3630.792308,3526.792308,3289.792308,3275.792308,3429.792308,3235.792308,3410.792308,3037.792308,2715.792308,2961.792308,2954.792308,2852.792308,2487.792308,3158.792308,2734.792308,2224.792308,2265.792308,2349.792308,1910.792308,2049.792308,1948.792308,1902.792308
803.94,5011.346154,4808.346154,4048.346154,4044.346154,3676.346154,3549.346154,3312.346154,3281.346154,3310.346154,3192.346154,3431.346154,3201.346154,2720.346154,3082.346154,2951.346154,2764.346154,2618.346154,3146.346154,2673.346154,2195.346154,2211.346154,2307.346154,2002.346154,2046.346154,1842.346154,1804.346154
802.12,5130.553846,4739.553846,4015.553846,3999.553846,3729.553846,3505.553846,3357.553846,3217.553846,3343.553846,3212.553846,3483.553846,3168.553846,2755.553846,3054.553846,2867.553846,2847.553846,2656.553846,3188.553846,2681.553846,2311.553846,2303.553846,2294.553846,1911.553846,2134.553846,1801.553846,1885.553846
800.301,5048.211538,4792.211538,4000.211538,3991.211538,3784.211538,3572.211538,3408.211538,3236.211538,3397.211538,3349.211538,3478.211538,3092.211538,2738.211538,3201.211538,2939.211538,2884.211538,2482.211538,3189.211538,2610.211538,2328.211538,2262.211538,2234.211538,2010.211538,2046.211538,1830.211538,1953.211538
798.48,5004.042308,4846.042308,4169.042308,4124.042308,3732.042308,3635.042308,3314.042308,3369.042308,3377.042308,3235.042308,3492.042308,3075.042308,2748.042308,3134.042308,3008.042308,2732.042308,2658.042308,3182.042308,2645.042308,2273.042308,2290.042308,2321.042308,1996.042308,2056.042308,1903.042308,1987.042308
796.661,5178.953846,5041.953846,4147.953846,4121.953846,3875.953846,3522.953846,3442.953846,3448.953846,3406.953846,3244.953846,3533.953846,3113.953846,2730.953846,3242.953846,3073.953846,2835.953846,2529.953846,3227.953846,2607.953846,2276.953846,2242.953846,2440.953846,1903.953846,2035.953846,1856.953846,1975.953846
794.84,5229.188462,4994.188462,4336.188462,4225.188462,3876.188462,3751.188462,3504.188462,3511.188462,3458.188462,3294.188462,3556.188462,3255.188462,2690.188462,3223.188462,3127.188462,2823.188462,2591.188462,3210.188462,2697.188462,2386.188462,2215.188462,2525.188462,1936.188462,2152.188462,1929.188462,1946.188462
793.02,5525.707692,5255.707692,4535.707692,4320.707692,4069.707692,3777.707692,3511.707692,3498.707692,3485.707692,3442.707692,3650.707692,3320.707692,2847.707692,3271.707692,3016.707692,2964.707692,2583.707692,3250.707692,2771.707692,2430.707692,2132.707692,2426.707692,1992.707692,2147.707692,1979.707692,1885.707692
791.198,5620.011538,5426.011538,4599.011538,4540.011538,4088.011538,3902.011538,3701.011538,3570.011538,3602.011538,3506.011538,3721.011538,3290.011538,3036.011538,3247.011538,3218.011538,2972.011538,2718.011538,3280.011538,2867.011538,2442.011538,2371.011538,2480.011538,2068.011538,2196.011538,1810.011538,2031.011538
789.377,5896.961538,5608.961538,4864.961538,4782.961538,4340.961538,4113.961538,3933.961538,3694.961538,3768.961538,3579.961538,3871.961538,3404.961538,3046.961538,3410.961538,3280.961538,3099.961538,2803.961538,3436.961538,2842.961538,2484.961538,2243.961538,2606.961538,2193.961538,2184.961538,1958.961538,1972.961538
787.554,6359.161538,6046.161538,5209.161538,4997.161538,4639.161538,4296.161538,4043.161538,3897.161538,3905.161538,3751.161538,3942.161538,3599.161538,3187.161538,3496.161538,3421.161538,3046.161538,2838.161538,3563.161538,3003.161538,2489.161538,2423.161538,2501.161538,2121.161538,2265.161538,1971.161538,2119.161538
785.733,6768.838462,6437.838462,5406.838462,5222.838462,4949.838462,4533.838462,4246.838462,4144.838462,4212.838462,3930.838462,4151.838462,3739.838462,3290.838462,3682.838462,3494.838462,3307.838462,2890.838462,3583.838462,3026.838462,2616.838462,2351.838462,2679.838462,2142.838462,2360.838462,1956.838462,2211.838462
783.909,7283.676923,6985.676923,5757.676923,5595.676923,5125.676923,4835.676923,4457.676923,4245.676923,4323.676923,4164.676923,4355.676923,3879.676923,3553.676923,3809.676923,3615.676923,3283.676923,3065.676923,3658.676923,3075.676923,2653.676923,2338.676923,2686.676923,2282.676923,2419.676923,2027.676923,2154.676923
782.088,7813.557692,7288.557692,6125.557692,5820.557692,5356.557692,5135.557692,4707.557692,4404.557692,4412.557692,4307.557692,4504.557692,3942.557692,3622.557692,3924.557692,3855.557692,3502.557692,3178.557692,3725.557692,3168.557692,2871.557692,2467.557692,2721.557692,2315.557692,2380.557692,2054.557692,2208.557692
780.263,8092.169231,7683.169231,6600.169231,6173.169231,5618.169231,5288.169231,4929.169231,4631.169231,4443.169231,4423.169231,4541.169231,4097.169231,3599.169231,4076.169231,3789.169231,3543.169231,3108.169231,3995.169231,3337.169231,2873.169231,2584.169231,2845.169231,2257.169231,2458.169231,2115.169231,2275.169231
778.441,8347.980769,7876.980769,6551.980769,6146.980769,5859.980769,5458.980769,5012.980769,4743.980769,4579.980769,4419.980769,4699.980769,4168.980769,3821.980769,3932.980769,3789.980769,3579.980769,3265.980769,4055.980769,3301.980769,2781.980769,2489.980769,2762.980769,2330.980769,2565.980769,2142.980769,2323.980769
776.615,8418.430769,8008.430769,6734.430769,6480.430769,5784.430769,5464.430769,5079.430769,4668.430769,4616.430769,4442.430769,4759.430769,4007.430769,3804.430769,4039.430769,3709.430769,3671.430769,3187.430769,4007.430769,3277.430769,2789.430769,2497.430769,2819.430769,2267.430769,2413.430769,2135.430769,2295.430769
774.792,8391.961538,7819.961538,6595.961538,6246.961538,5645.961538,5298.961538,5122.961538,4726.961538,4555.961538,4455.961538,4610.961538,4034.961538,3765.961538,4025.961538,3783.961538,3554.961538,3096.961538,3941.961538,3443.961538,2808.961538,2618.961538,2745.961538,2247.961538,2243.961538,2113.961538,2123.961538
772.966,7992.903846,7646.903846,6450.903846,5950.903846,5527.903846,5236.903846,4690.903846,4458.903846,4365.903846,4269.903846,4582.903846,4168.903846,3774.903846,3916.903846,3716.903846,3490.903846,3082.903846,3929.903846,3327.903846,2809.903846,2494.903846,2644.903846,2150.903846,2166.903846,2075.903846,2044.903846
771.14,7657.411538,7133.411538,6125.411538,5720.411538,5159.411538,4941.411538,4439.411538,4261.411538,4216.411538,4069.411538,4503.411538,3941.411538,3539.411538,3831.411538,3493.411538,3407.411538,3045.411538,3682.411538,3328.411538,2725.411538,2353.411538,2544.411538,2259.411538,2248.411538,2030.411538,2007.411538
769.316,7100.546154,6710.546154,5652.546154,5406.546154,4854.546154,4678.546154,4232.546154,3954.546154,4122.546154,3868.546154,4229.546154,3864.546154,3342.546154,3538.546154,3402.546154,3303.546154,2980.546154,3636.546154,3345.546154,2558.546154,2488.546154,2462.546154,2116.546154,2103.546154,1808.546154,1986.546154
767.489,6569.730769,6143.730769,5096.730769,5047.730769,4643.730769,4295.730769,3985.730769,3882.730769,3875.730769,3742.730769,4124.730769,3690.730769,3247.730769,3446.730769,3330.730769,3127.730769,2876.730769,3589.730769,3025.730769,2473.730769,2435.730769,2379.730769,1960.730769,2136.730769,1882.730769,1886.730769
765.664,6071.011538,5879.011538,4891.011538,4743.011538,4235.011538,4077.011538,3733.011538,3767.011538,3659.011538,3615.011538,3831.011538,3472.011538,3027.011538,3343.011538,3205.011538,3025.011538,2724.011538,3448.011538,2927.011538,2428.011538,2286.011538,2343.011538,2053.011538,2081.011538,1809.011538,1891.011538
763.836,5591.630769,5383.630769,4623.630769,4462.630769,4087.630769,3791.630769,3641.630769,3473.630769,3482.630769,3401.630769,3687.630769,3353.630769,3029.630769,3173.630769,3098.630769,2982.630769,2687.630769,3305.630769,2877.630769,2392.630769,2278.630769,2350.630769,2045.630769,2096.630769,1827.630769,1995.630769
762.008,5331.003846,5203.003846,4437.003846,4119.003846,3915.003846,3607.003846,3521.003846,3530.003846,3413.003846,3418.003846,3586.003846,3285.003846,2925.003846,3290.003846,3021.003846,2835.003846,2609.003846,3251.003846,2746.003846,2359.003846,2203.003846,2311.003846,1987.003846,1997.003846,1775.003846,1939.003846
760.182,5113.334615,4888.334615,4239.334615,4247.334615,3710.334615,3574.334615,3449.334615,3239.334615,3347.334615,3232.334615,3609.334615,3113.334615,2719.334615,3185.334615,2961.334615,2847.334615,2558.334615,3283.334615,2664.334615,2338.334615,2336.334615,2353.334615,1900.334615,2081.334615,1849.334615,1917.334615
758.353,5103.496154,4890.496154,4168.496154,4000.496154,3759.496154,3537.496154,3259.496154,3184.496154,3355.496154,3257.496154,3536.496154,3165.496154,2793.496154,3081.496154,2992.496154,2765.496154,2579.496154,3031.496154,2631.496154,2424.496154,2273.496154,2284.496154,1932.496154,2061.496154,1833.496154,1917.496154
756.524,4987.873077,4774.873077,4148.873077,4002.873077,3530.873077,3449.873077,3259.873077,3231.873077,3322.873077,3291.873077,3404.873077,3076.873077,2752.873077,3126.873077,2954.873077,2751.873077,2577.873077,3183.873077,2623.873077,2253.873077,2281.873077,2286.873077,2012.873077,1982.873077,1889.873077,1951.873077
754.697,4897.807692,4832.807692,4140.807692,4019.807692,3603.807692,3495.807692,3211.807692,3183.807692,3274.807692,3195.807692,3418.807692,3066.807692,2701.807692,3067.807692,2929.807692,2670.807692,2487.807692,3150.807692,2646.807692,2293.807692,2229.807692,2323.807692,1949.807692,2025.807692,1891.807692,1901.807692
752.867,4977.415385,4746.415385,4035.415385,3902.415385,3642.415385,3437.415385,3281.415385,3281.415385,3278.415385,3187.415385,3379.415385,3146.415385,2737.415385,3060.415385,2887.415385,2768.415385,2533.415385,3095.415385,2746.415385,2307.415385,2098.415385,2219.415385,1890.415385,2118.415385,1850.415385,1965.415385
751.037,4844.430769,4720.430769,4011.430769,3857.430769,3643.430769,3345.430769,3248.430769,3190.430769,3262.430769,3155.430769,3347.430769,3069.430769,2776.430769,3140.430769,2865.430769,2742.430769,2579.430769,3103.430769,2643.430769,2318.430769,2125.430769,2417.430769,2034.430769,2038.430769,1860.430769,1887.430769
749.209,4780.046154,4715.046154,3968.046154,3916.046154,3540.046154,3457.046154,3149.046154,3237.046154,3245.046154,3205.046154,3423.046154,2987.046154,2794.046154,3072.046154,2929.046154,2646.046154,2565.046154,3152.046154,2730.046154,2314.046154,2101.046154,2447.046154,1959.046154,2015.046154,1873.046154,1913.046154
747.378,4836.892308,4669.892308,4005.892308,3885.892308,3633.892308,3360.892308,3116.892308,3241.892308,3182.892308,3168.892308,3420.892308,3052.892308,2816.892308,3016.892308,3006.892308,2660.892308,2514.892308,3215.892308,2632.892308,2440.892308,2175.892308,2212.892308,2020.892308,2122.892308,1881.892308,1858.892308
745.547,4784.192308,4797.192308,4115.192308,3872.192308,3596.192308,3391.192308,3178.192308,3199.192308,3288.192308,3123.192308,3363.192308,3053.192308,2747.192308,3028.192308,2842.192308,2696.192308,2559.192308,3095.192308,2734.192308,2285.192308,2099.192308,2314.192308,1944.192308,2202.192308,1891.192308,1887.192308
743.718,4828.161538,4651.161538,4032.161538,3919.161538,3527.161538,3362.161538,3215.161538,3152.161538,3193.161538,3167.161538,3389.161538,3023.161538,2706.161538,3079.161538,2972.161538,2679.161538,2459.161538,3202.161538,2607.161538,2365.161538,2191.161538,2347.161538,1896.161538,2027.161538,1851.161538,1843.161538
741.886,4850.407692,4653.407692,3935.407692,3802.407692,3487.407692,3315.407692,3051.407692,3155.407692,3229.407692,3166.407692,3472.407692,3038.407692,2710.407692,3066.407692,3070.407692,2653.407692,2562.407692,3209.407692,2680.407692,2263.407692,2093.407692,2320.407692,1920.407692,2118.407692,1949.407692,1840.407692
740.053,4698.873077,4631.873077,3925.873077,3834.873077,3578.873077,3431.873077,3136.873077,3267.873077,3344.873077,3151.873077,3397.873077,2956.873077,2732.873077,3108.873077,2860.873077,2810.873077,2462.873077,3158.873077,2639.873077,2210.873077,2162.873077,2257.873077,2010.873077,2071.873077,1842.873077,1864.873077
738.221,4821.95,4605.95,3938.95,3822.95,3506.95,3364.95,3157.95,3140.95,3224.95,3169.95,3331.95,2985.95,2812.95,3164.95,2910.95,2701.95,2486.95,3067.95,2616.95,2223.95,2150.95,2288.95,1937.95,2070.95,1893.95,1906.95
736.39,4761.076923,4570.076923,3968.076923,3907.076923,3489.076923,3371.076923,3106.076923,3205.076923,3099.076923,3087.076923,3290.076923,3011.076923,2688.076923,3091.076923,2953.076923,2680.076923,2556.076923,3090.076923,2545.076923,2267.076923,2159.076923,2361.076923,2052.076923,2126.076923,1771.076923,1925.076923
734.557,4776.661538,4547.661538,3980.661538,3883.661538,3552.661538,3354.661538,3150.661538,3239.661538,3152.661538,3170.661538,3338.661538,3020.661538,2706.661538,3094.661538,2946.661538,2622.661538,2448.661538,3202.661538,2566.661538,2176.661538,2200.661538,2156.661538,1976.661538,2012.661538,1819.661538,1922.661538
732.723,4627.919231,4500.919231,3968.919231,3808.919231,3498.919231,3450.919231,3178.919231,3220.919231,3181.919231,3038.919231,3395.919231,3152.919231,2689.919231,2957.919231,2960.919231,2724.919231,2528.919231,3119.919231,2615.919231,2320.919231,2154.919231,2321.919231,1972.919231,2104.919231,1796.919231,1923.919231
730.889,4753.342308,4543.342308,3842.342308,3873.342308,3558.342308,3404.342308,3144.342308,3160.342308,3198.342308,2995.342308,3318.342308,3009.342308,2674.342308,3061.342308,3001.342308,2703.342308,2541.342308,3173.342308,2603.342308,2215.342308,2127.342308,2274.342308,2020.342308,2070.342308,1820.342308,1950.342308
729.057,4674.734615,4544.734615,3932.734615,3805.734615,3508.734615,3419.734615,3114.734615,3234.734615,3146.734615,3132.734615,3335.734615,2998.734615,2620.734615,3044.734615,2954.734615,2703.734615,2480.734615,3060.734615,2627.734615,2326.734615,2183.734615,2307.734615,1996.734615,1993.734615,1824.734615,1867.734615
727.222,4703.046154,4530.046154,3837.046154,3784.046154,3647.046154,3379.046154,3168.046154,3162.046154,3165.046154,3049.046154,3389.046154,2959.046154,2617.046154,3044.046154,2946.046154,2646.046154,2523.046154,3220.046154,2570.046154,2314.046154,2158.046154,2301.046154,1945.046154,2009.046154,1813.046154,1850.046154
725.387,4670.638462,4468.638462,3917.638462,3860.638462,3565.638462,3373.638462,3119.638462,3208.638462,3116.638462,3112.638462,3167.638462,3061.638462,2635.638462,3081.638462,2899.638462,2607.638462,2511.638462,3098.638462,2639.638462,2277.638462,2108.638462,2308.638462,1990.638462,2059.638462,1816.638462,1886.638462
723.551,4527.457692,4571.457692,3765.457692,3786.457692,3515.457692,3369.457692,3147.457692,3183.457692,3135.457692,3151.457692,3316.457692,3055.457692,2576.457692,3015.457692,3009.457692,2699.457692,2473.457692,3097.457692,2507.457692,2289.457692,2109.457692,2313.457692,1885.457692,2042.457692,1859.457692,1874.457692
721.715,4675.561538,4521.561538,3850.561538,3824.561538,3388.561538,3392.561538,3001.561538,3148.561538,3182.561538,3140.561538,3226.561538,2959.561538,2587.561538,3022.561538,2959.561538,2688.561538,2415.561538,3121.561538,2517.561538,2258.561538,2265.561538,2224.561538,1910.561538,2064.561538,1825.561538,1935.561538
719.881,4506.230769,4372.230769,3829.230769,3743.230769,3440.230769,3272.230769,3196.230769,3124.230769,3239.230769,3128.230769,3292.230769,2991.230769,2663.230769,3022.230769,2974.230769,2720.230769,2497.230769,3027.230769,2611.230769,2231.230769,2148.230769,2297.230769,1999.230769,2084.230769,1812.230769,1947.230769
718.045,4547.265385,4361.265385,3851.265385,3856.265385,3450.265385,3280.265385,3135.265385,3164.265385,3218.265385,3058.265385,3320.265385,3050.265385,2524.265385,2985.265385,3004.265385,2616.265385,2497.265385,3068.265385,2611.265385,2393.265385,2232.265385,2353.265385,1912.265385,2036.265385,1815.265385,1927.265385
716.208,4614.407692,4431.407692,3770.407692,3792.407692,3411.407692,3297.407692,3125.407692,3160.407692,3199.407692,3069.407692,3265.407692,2937.407692,2649.407692,2979.407692,3013.407692,2675.407692,2479.407692,3101.407692,2523.407692,2257.407692,2155.407692,2425.407692,1987.407692,2078.407692,1899.407692,1912.407692
714.37,4657.965385,4583.965385,3737.965385,3867.965385,3491.965385,3294.965385,3081.965385,3150.965385,3013.965385,3116.965385,3214.965385,2990.965385,2654.965385,3086.965385,3037.965385,2575.965385,2436.965385,3132.965385,2584.965385,2348.965385,2169.965385,2142.965385,1917.965385,2029.965385,1964.965385,1971.965385
712.533,4666.411538,4554.411538,3712.411538,3695.411538,3396.411538,3377.411538,3141.411538,3131.411538,3105.411538,3054.411538,3293.411538,3003.411538,2721.411538,2990.411538,2853.411538,2704.411538,2496.411538,3167.411538,2630.411538,2288.411538,2273.411538,2258.411538,1968.411538,2012.411538,1899.411538,1827.411538
710.695,4655.607692,4569.607692,3838.607692,3853.607692,3416.607692,3303.607692,3168.607692,3162.607692,3174.607692,2924.607692,3307.607692,2963.607692,2661.607692,3037.607692,2900.607692,2661.607692,2515.607692,3089.607692,2637.607692,2374.607692,2189.607692,2360.607692,1941.607692,2013.607692,1834.607692,1919.607692
708.856,4671.053846,4564.053846,3820.053846,3804.053846,3372.053846,3268.053846,3082.053846,3188.053846,3222.053846,3090.053846,3230.053846,3035.053846,2684.053846,2973.053846,2892.053846,2714.053846,2558.053846,3121.053846,2629.053846,2226.053846,2191.053846,2312.053846,1904.053846,1992.053846,1820.053846,1842.053846
707.02,4646.857692,4505.857692,3824.857692,3890.857692,3501.857692,3240.857692,3087.857692,3143.857692,3087.857692,3086.857692,3312.857692,2977.857692,2530.857692,2942.857692,2899.857692,2611.857692,2413.857692,3128.857692,2674.857692,2328.857692,2294.857692,2294.857692,1940.857692,2087.857692,1824.857692,1979.857692
705.181,4686.111538,4421.111538,3772.111538,3846.111538,3413.111538,3302.111538,3129.111538,3185.111538,3181.111538,3005.111538,3257.111538,2998.111538,2615.111538,3065.111538,2845.111538,2710.111538,2460.111538,3078.111538,2631.111538,2269.111538,2231.111538,2187.111538,1947.111538,2035.111538,1767.111538,2022.111538
703.341,4592.026923,4458.026923,3784.026923,3772.026923,3332.026923,3170.026923,3021.026923,3198.026923,3128.026923,3088.026923,3400.026923,3030.026923,2621.026923,2960.026923,2918.026923,2652.026923,2491.026923,3019.026923,2492.026923,2342.026923,2225.026923,2357.026923,1934.026923,2089.026923,1810.026923,2010.026923
701.501,4503.476923,4446.476923,3963.476923,3751.476923,3335.476923,3238.476923,3070.476923,3061.476923,3102.476923,2962.476923,3497.476923,3038.476923,2532.476923,2950.476923,2954.476923,2700.476923,2442.476923,3076.476923,2545.476923,2248.476923,2237.476923,2230.476923,1894.476923,1982.476923,1843.476923,1943.476923
699.661,4595.507692,4401.507692,3729.507692,3785.507692,3400.507692,3330.507692,3051.507692,2982.507692,3047.507692,3016.507692,3366.507692,3008.507692,2582.507692,2898.507692,2892.507692,2641.507692,2408.507692,3059.507692,2628.507692,2312.507692,2107.507692,2219.507692,1930.507692,2016.507692,1892.507692,1868.507692
697.821,4462.180769,4442.180769,3820.180769,3764.180769,3393.180769,3245.180769,3061.180769,3107.180769,3094.180769,2968.180769,3336.180769,2885.180769,2468.180769,2949.180769,2922.180769,2576.180769,2436.180769,3108.180769,2588.180769,2306.180769,2157.180769,2317.180769,2022.180769,1968.180769,1779.180769,1912.180769
695.98,4503.673077,4362.673077,3736.673077,3816.673077,3280.673077,3124.673077,2954.673077,3097.673077,3132.673077,3043.673077,3329.673077,2910.673077,2681.673077,2962.673077,2951.673077,2656.673077,2487.673077,3095.673077,2531.673077,2285.673077,2126.673077,2295.673077,1979.673077,1958.673077,1888.673077,1909.673077
694.139,4419.084615,4385.084615,3691.084615,3694.084615,3363.084615,3177.084615,3036.084615,3021.084615,3178.084615,3014.084615,3291.084615,3004.084615,2626.084615,2992.084615,2973.084615,2679.084615,2452.084615,3021.084615,2468.084615,2317.084615,2089.084615,2268.084615,1854.084615,2078.084615,1793.084615,1927.084615
692.297,4426.834615,4433.834615,3713.834615,3671.834615,3344.834615,3183.834615,3007.834615,3011.834615,3095.834615,3004.834615,3305.834615,3028.834615,2675.834615,2916.834615,2884.834615,2651.834615,2449.834615,3127.834615,2552.834615,2275.834615,2242.834615,2340.834615,1971.834615,1914.834615,1785.834615,1848.834615
690.455,4397.461538,4341.461538,3689.461538,3657.461538,3395.461538,3089.461538,3051.461538,3144.461538,3136.461538,2969.461538,3340.461538,2971.461538,2521.461538,3063.461538,2899.461538,2579.461538,2559.461538,3029.461538,2581.461538,2265.461538,2147.461538,2240.461538,1921.461538,2046.461538,1889.461538,1878.461538
688.613,4585.811538,4337.811538,3651.811538,3735.811538,3376.811538,3237.811538,2886.811538,3031.811538,3177.811538,2972.811538,3159.811538,3014.811538,2515.811538,3004.811538,2869.811538,2608.811538,2493.811538,3147.811538,2601.811538,2298.811538,2089.811538,2297.811538,1934.811538,1975.811538,1874.811538,1919.811538
686.77,4402.123077,4327.123077,3683.123077,3594.123077,3362.123077,3258.123077,3024.123077,3197.123077,3053.123077,2988.123077,3237.123077,3049.123077,2538.123077,3121.123077,2927.123077,2678.123077,2455.123077,3056.123077,2629.123077,2300.123077,2131.123077,2223.123077,1954.123077,2099.123077,1815.123077,1820.123077
684.927,4449.030769,4384.030769,3648.030769,3757.030769,3414.030769,3225.030769,3044.030769,3097.030769,3085.030769,2947.030769,3351.030769,2996.030769,2568.030769,2865.030769,2875.030769,2747.030769,2441.030769,3134.030769,2569.030769,2270.030769,2139.030769,2240.030769,1950.030769,2019.030769,1879.030769,1875.030769
683.083,4470.453846,4361.453846,3734.453846,3702.453846,3341.453846,3227.453846,2951.453846,3043.453846,3094.453846,3015.453846,3253.453846,2945.453846,2548.453846,3099.453846,2970.453846,2642.453846,2557.453846,3079.453846,2631.453846,2327.453846,2211.453846,2242.453846,1886.453846,2083.453846,1838.453846,1993.453846
681.24,4525.330769,4473.330769,3619.330769,3594.330769,3406.330769,3279.330769,2958.330769,3068.330769,3129.330769,2991.330769,3208.330769,2948.330769,2563.330769,2974.330769,2968.330769,2593.330769,2456.330769,3228.330769,2561.330769,2344.330769,2162.330769,2308.330769,1916.330769,2061.330769,1796.330769,1996.330769
679.395,4498.95,4337.95,3766.95,3636.95,3291.95,3300.95,3113.95,3094.95,3124.95,3025.95,3284.95,2955.95,2532.95,3016.95,2955.95,2652.95,2453.95,3144.95,2658.95,2291.95,2185.95,2178.95,2024.95,1958.95,1826.95,1962.95
677.551,4591.415385,4392.415385,3699.415385,3659.415385,3379.415385,3338.415385,3019.415385,3260.415385,3097.415385,3048.415385,3259.415385,2909.415385,2567.415385,2981.415385,2921.415385,2693.415385,2385.415385,3269.415385,2514.415385,2343.415385,2105.415385,2197.415385,2003.415385,2033.415385,1792.415385,1991.415385
675.706,4433.226923,4477.226923,3727.226923,3827.226923,3444.226923,3289.226923,3173.226923,3131.226923,3083.226923,3098.226923,3307.226923,2927.226923,2545.226923,3025.226923,2845.226923,2486.226923,2521.226923,3068.226923,2570.226923,2340.226923,2205.226923,2235.226923,1973.226923,2098.226923,1872.226923,1908.226923
673.861,4625.503846,4376.503846,3754.503846,3712.503846,3419.503846,3267.503846,3153.503846,3153.503846,3208.503846,3113.503846,3239.503846,3029.503846,2595.503846,3035.503846,2909.503846,2610.503846,2372.503846,3119.503846,2630.503846,2391.503846,2185.503846,2254.503846,2007.503846,1985.503846,1832.503846,1959.503846
672.015,4626.792308,4535.792308,3789.792308,3779.792308,3453.792308,3325.792308,3049.792308,3166.792308,3227.792308,3069.792308,3256.792308,3033.792308,2536.792308,3022.792308,2966.792308,2651.792308,2508.792308,3147.792308,2561.792308,2433.792308,2235.792308,2208.792308,1976.792308,2051.792308,1889.792308,1876.792308
670.169,4634.207692,4562.207692,3849.207692,3776.207692,3520.207692,3314.207692,3107.207692,3146.207692,3275.207692,3099.207692,3368.207692,2987.207692,2582.207692,2990.207692,3028.207692,2667.207692,2545.207692,3172.207692,2540.207692,2295.207692,2289.207692,2208.207692,2027.207692,2041.207692,1878.207692,2057.207692
668.323,4755.192308,4509.192308,3841.192308,3883.192308,3475.192308,3378.192308,3109.192308,3258.192308,3205.192308,3121.192308,3266.192308,3005.192308,2609.192308,3007.192308,3006.192308,2693.192308,2632.192308,3129.192308,2611.192308,2304.192308,2156.192308,2294.192308,2006.192308,2085.192308,1738.192308,1915.192308
666.476,4786.588462,4624.588462,3893.588462,3950.588462,3577.588462,3388.588462,3179.588462,3143.588462,3219.588462,2949.588462,3306.588462,3061.588462,2563.588462,3017.588462,2948.588462,2739.588462,2501.588462,3103.588462,2572.588462,2356.588462,2129.588462,2386.588462,2024.588462,2028.588462,1841.588462,1983.588462
664.629,4701.965385,4635.965385,3864.965385,3835.965385,3468.965385,3339.965385,3085.965385,3261.965385,3227.965385,3080.965385,3367.965385,3160.965385,2639.965385,3010.965385,2985.965385,2626.965385,2503.965385,3178.965385,2679.965385,2273.965385,2108.965385,2220.965385,2049.965385,1960.965385,1843.965385,1844.965385
662.782,4729.430769,4584.430769,3878.430769,3793.430769,3463.430769,3263.430769,3122.430769,3154.430769,3165.430769,3073.430769,3325.430769,3021.430769,2573.430769,2959.430769,2879.430769,2689.430769,2563.430769,3163.430769,2601.430769,2327.430769,2183.430769,2266.430769,2038.430769,1989.430769,1842.430769,1938.430769
660.934,4663.292308,4547.292308,3922.292308,3822.292308,3425.292308,3209.292308,3088.292308,3110.292308,3122.292308,2979.292308,3319.292308,2969.292308,2664.292308,2939.292308,3037.292308,2598.292308,2417.292308,3151.292308,2582.292308,2329.292308,2227.292308,2258.292308,1929.292308,2035.292308,1852.292308,1991.292308
659.086,4565.111538,4450.111538,3751.111538,3847.111538,3405.111538,3242.111538,3138.111538,3148.111538,3063.111538,2976.111538,3295.111538,3007.111538,2618.111538,3053.111538,3007.111538,2545.111538,2526.111538,3110.111538,2584.111538,2325.111538,2218.111538,2248.111538,1868.111538,2060.111538,1835.111538,1861.111538
657.237,4605.373077,4324.373077,3745.373077,3688.373077,3362.373077,3238.373077,3017.373077,3079.373077,3111.373077,2905.373077,3235.373077,2992.373077,2502.373077,2933.373077,2902.373077,2556.373077,2472.373077,3125.373077,2695.373077,2305.373077,2161.373077,2246.373077,1984.373077,2100.373077,1767.373077,1962.373077
655.388,4472.019231,4494.019231,3724.019231,3705.019231,3389.019231,3196.019231,2927.019231,3133.019231,3133.019231,2922.019231,3219.019231,2883.019231,2565.019231,2903.019231,2950.019231,2549.019231,2559.019231,3057.019231,2607.019231,2359.019231,2288.019231,2148.019231,1918.019231,2077.019231,1879.019231,1957.019231
653.537,4589.696154,4384.696154,3699.696154,3691.696154,3402.696154,3282.696154,3019.696154,3048.696154,3161.696154,2953.696154,3222.696154,2966.696154,2594.696154,2860.696154,2883.696154,2616.696154,2499.696154,3030.696154,2638.696154,2358.696154,2181.696154,2276.696154,1939.696154,2040.696154,1857.696154,1968.696154
651.687,4561.246154,4487.246154,3780.246154,3614.246154,3306.246154,3090.246154,3014.246154,3101.246154,3156.246154,3041.246154,3327.246154,2993.246154,2598.246154,3006.246154,2891.246154,2628.246154,2498.246154,3124.246154,2633.246154,2248.246154,2129.246154,2234.246154,1957.246154,2075.246154,1841.246154,2018.246154
649.837,4625.907692,4582.907692,3700.907692,3795.907692,3346.907692,3320.907692,3057.907692,3065.907692,3130.907692,3049.907692,3278.907692,3014.907692,2741.907692,3068.907692,2899.907692,2656.907692,2476.907692,3014.907692,2565.907692,2351.907692,2133.907692,2278.907692,1972.907692,2079.907692,1874.907692,1927.907692
647.987,4624.061538,4547.061538,3855.061538,3816.061538,3478.061538,3199.061538,3217.061538,3209.061538,3139.061538,2941.061538,3327.061538,3012.061538,2596.061538,3067.061538,2899.061538,2749.061538,2516.061538,3205.061538,2662.061538,2381.061538,2247.061538,2145.061538,1985.061538,2142.061538,1857.061538,1957.061538
646.136,4820.996154,4658.996154,3909.996154,3852.996154,3475.996154,3267.996154,3178.996154,3180.996154,3228.996154,3174.996154,3466.996154,2960.996154,2683.996154,3006.996154,2944.996154,2610.996154,2554.996154,3132.996154,2482.996154,2424.996154,2279.996154,2365.996154,1830.996154,2058.996154,1896.996154,1831.996154
644.285,4731.280769,4680.280769,4027.280769,3837.280769,3526.280769,3424.280769,3104.280769,3286.280769,3317.280769,3113.280769,3446.280769,3033.280769,2790.280769,3011.280769,2999.280769,2713.280769,2546.280769,3092.280769,2582.280769,2399.280769,2170.280769,2166.280769,1985.280769,2046.280769,1851.280769,1993.280769
642.432,4912.226923,4628.226923,3968.226923,3924.226923,3591.226923,3359.226923,3258.226923,3252.226923,3235.226923,3171.226923,3437.226923,3013.226923,2694.226923,3148.226923,2938.226923,2773.226923,2556.226923,3199.226923,2771.226923,2334.226923,2268.226923,2220.226923,1915.226923,2018.226923,1814.226923,1941.226923
640.58,4852.473077,4828.473077,3966.473077,3833.473077,3412.473077,3431.473077,3178.473077,3138.473077,3192.473077,3206.473077,3526.473077,3148.473077,2766.473077,3054.473077,2961.473077,2732.473077,2513.473077,3188.473077,2759.473077,2415.473077,2204.473077,2401.473077,1981.473077,2051.473077,1732.473077,1950.473077
638.728,4954.892308,4663.892308,3936.892308,3863.892308,3468.892308,3423.892308,3195.892308,3223.892308,3178.892308,3178.892308,3512.892308,3108.892308,2775.892308,3067.892308,3062.892308,2750.892308,2696.892308,3206.892308,2813.892308,2333.892308,2164.892308,2246.892308,1891.892308,1950.892308,1712.892308,1924.892308
636.875,4802.573077,4804.573077,3951.573077,3783.573077,3547.573077,3403.573077,3186.573077,3227.573077,3303.573077,3108.573077,3508.573077,3162.573077,2658.573077,3062.573077,3078.573077,2854.573077,2460.573077,3154.573077,2693.573077,2287.573077,2155.573077,2342.573077,1920.573077,1988.573077,1786.573077,1858.573077
635.022,4830.15,4665.15,4009.15,3867.15,3416.15,3332.15,3126.15,3278.15,3195.15,3204.15,3546.15,3057.15,2714.15,3050.15,2965.15,2774.15,2547.15,3164.15,2722.15,2338.15,2241.15,2279.15,1970.15,2022.15,1882.15,1924.15
633.169,4783.9,4671.9,3985.9,3887.9,3432.9,3391.9,3209.9,3168.9,3211.9,3139.9,3501.9,3163.9,2698.9,2933.9,3046.9,2771.9,2621.9,3293.9,2731.9,2411.9,2313.9,2269.9,1959.9,1991.9,1783.9,1875.9
631.313,4894.15,4689.15,4043.15,3897.15,3463.15,3444.15,3272.15,3236.15,3259.15,3238.15,3471.15,3166.15,2849.15,3140.15,2969.15,2876.15,2560.15,3236.15,2738.15,2286.15,2272.15,2344.15,1907.15,2132.15,1937.15,1891.15
629.459,5217.646154,4962.646154,4191.646154,4083.646154,3714.646154,3539.646154,3378.646154,3413.646154,3460.646154,3319.646154,3608.646154,3263.646154,2823.646154,3137.646154,3118.646154,2885.646154,2633.646154,3364.646154,2716.646154,2435.646154,2244.646154,2401.646154,1987.646154,2115.646154,1985.646154,2042.646154
627.605,5696.846154,5379.846154,4679.846154,4537.846154,4160.846154,3837.846154,3651.846154,3756.846154,3634.846154,3510.846154,3716.846154,3419.846154,3032.846154,3335.846154,3385.846154,2978.846154,2767.846154,3437.846154,2819.846154,2551.846154,2425.846154,2513.846154,2131.846154,2191.846154,1963.846154,2095.846154
625.75,6619.646154,6248.646154,5282.646154,5208.646154,4888.646154,4518.646154,4063.646154,4255.646154,4026.646154,3954.646154,4100.646154,3755.646154,3217.646154,3663.646154,3651.646154,3208.646154,3018.646154,3690.646154,2976.646154,2718.646154,2589.646154,2712.646154,2278.646154,2298.646154,2051.646154,2101.646154
623.893,8023.907692,7311.907692,6312.907692,5909.907692,5530.907692,5043.907692,4713.907692,4577.907692,4516.907692,4300.907692,4629.907692,4031.907692,3530.907692,3943.907692,3935.907692,3656.907692,3194.907692,3758.907692,3183.907692,2768.907692,2630.907692,2765.907692,2407.907692,2471.907692,2062.907692,2232.907692
622.037,8976.780769,8298.780769,6992.780769,6682.780769,6224.780769,5686.780769,5074.780769,5051.780769,4962.780769,4539.780769,4870.780769,4453.780769,3884.780769,4274.780769,4184.780769,3738.780769,3391.780769,3994.780769,3154.780769,2880.780769,2653.780769,2922.780769,2422.780769,2618.780769,2148.780769,2356.780769
620.182,9837.046154,9090.046154,7604.046154,7324.046154,6581.046154,6208.046154,5568.046154,5399.046154,5151.046154,4836.046154,5152.046154,4562.046154,4061.046154,4311.046154,4205.046154,3696.046154,3375.046154,4003.046154,3258.046154,2890.046154,2660.046154,2851.046154,2591.046154,2359.046154,2098.046154,2220.046154
618.325,10259.25769,9528.257692,7957.257692,7556.257692,6646.257692,6380.257692,5770.257692,5493.257692,5371.257692,4945.257692,5198.257692,4701.257692,4145.257692,4316.257692,4385.257692,3903.257692,3597.257692,3970.257692,3234.257692,2999.257692,2741.257692,2869.257692,2394.257692,2459.257692,2178.257692,2309.257692
616.467,10258.86923,9608.869231,8088.869231,7659.869231,6737.869231,6416.869231,5921.869231,5359.869231,5111.869231,4872.869231,5175.869231,4642.869231,4088.869231,4476.869231,4223.869231,3819.869231,3414.869231,3973.869231,3306.869231,3018.869231,2808.869231,2878.869231,2536.869231,2467.869231,2111.869231,2217.869231
614.61,9955.988462,9475.988462,7595.988462,7239.988462,6518.988462,6105.988462,5571.988462,5166.988462,5125.988462,4759.988462,4897.988462,4555.988462,3952.988462,4214.988462,4273.988462,3716.988462,3427.988462,3984.988462,3333.988462,2880.988462,2695.988462,2761.988462,2422.988462,2211.988462,1875.988462,2138.988462
612.752,9006.561538,8531.561538,7092.561538,6665.561538,5671.561538,5620.561538,5202.561538,4795.561538,4652.561538,4344.561538,4634.561538,4050.561538,3623.561538,3956.561538,3905.561538,3478.561538,3238.561538,3895.561538,3154.561538,2811.561538,2605.561538,2731.561538,2300.561538,2247.561538,1858.561538,2069.561538
610.893,7907.753846,7747.753846,6165.753846,5821.753846,5147.753846,5067.753846,4593.753846,4328.753846,4044.753846,3959.753846,4300.753846,3813.753846,3504.753846,3576.753846,3711.753846,3266.753846,3070.753846,3784.753846,3281.753846,2664.753846,2457.753846,2530.753846,2268.753846,2110.753846,1903.753846,1917.753846
609.035,6849.992308,6883.992308,5653.992308,5373.992308,4510.992308,4319.992308,4130.992308,3944.992308,3829.992308,3616.992308,4016.992308,3567.992308,3347.992308,3376.992308,3508.992308,3180.992308,2796.992308,3660.992308,3218.992308,2633.992308,2318.992308,2502.992308,2192.992308,2121.992308,1908.992308,1976.992308
607.176,6173.092308,6351.092308,4961.092308,4896.092308,4143.092308,4101.092308,3872.092308,3745.092308,3573.092308,3463.092308,3869.092308,3441.092308,3280.092308,3219.092308,3291.092308,3129.092308,2833.092308,3600.092308,3247.092308,2707.092308,2249.092308,2467.092308,1961.092308,2017.092308,1819.092308,1869.092308
605.315,5713.126923,5629.126923,4623.126923,4610.126923,3993.126923,3842.126923,3571.126923,3381.126923,3448.126923,3436.126923,3940.126923,3351.126923,3165.126923,3133.126923,3221.126923,2895.126923,2730.126923,3375.126923,3287.126923,2479.126923,2335.126923,2253.126923,2053.126923,1995.126923,1904.126923,2035.126923
603.456,5686.3,5377.3,4437.3,4328.3,3792.3,3678.3,3423.3,3364.3,3301.3,3281.3,3797.3,3238.3,3054.3,3126.3,3090.3,2779.3,2580.3,3434.3,3012.3,2496.3,2261.3,2273.3,2069.3,2132.3,1792.3,1972.3
601.597,5253.684615,5060.684615,4213.684615,4190.684615,3647.684615,3554.684615,3309.684615,3304.684615,3278.684615,3298.684615,3821.684615,3208.684615,3048.684615,2948.684615,2984.684615,2869.684615,2560.684615,3299.684615,3013.684615,2464.684615,2285.684615,2295.684615,2166.684615,2014.684615,1988.684615,1840.684615
599.735,5133.092308,5021.092308,4030.092308,4129.092308,3621.092308,3397.092308,3305.092308,3234.092308,3251.092308,3215.092308,3710.092308,3098.092308,3051.092308,2969.092308,2966.092308,2760.092308,2552.092308,3380.092308,2969.092308,2462.092308,2172.092308,2303.092308,2107.092308,2079.092308,1811.092308,1879.092308
597.874,4941.15,4913.15,3999.15,4096.15,3548.15,3393.15,3238.15,3122.15,3209.15,3218.15,3604.15,3170.15,2827.15,2954.15,2996.15,2713.15,2523.15,3281.15,2824.15,2458.15,2217.15,2266.15,2114.15,1992.15,1851.15,1898.15
596.014,4873.192308,4705.192308,3929.192308,4002.192308,3512.192308,3442.192308,3111.192308,3149.192308,3271.192308,3094.192308,3443.192308,3149.192308,2768.192308,2935.192308,2981.192308,2713.192308,2493.192308,3330.192308,2676.192308,2426.192308,2202.192308,2421.192308,2172.192308,1979.192308,1813.192308,1961.192308
594.151,4824.534615,4647.534615,4001.534615,3975.534615,3519.534615,3438.534615,3141.534615,3234.534615,3155.534615,2965.534615,3452.534615,3027.534615,2768.534615,2954.534615,3027.534615,2705.534615,2361.534615,3277.534615,2725.534615,2415.534615,2150.534615,2353.534615,2133.534615,1967.534615,1927.534615,1907.534615
592.289,4656.611538,4636.611538,3906.611538,4045.611538,3492.611538,3418.611538,3223.611538,3184.611538,3154.611538,3087.611538,3341.611538,3071.611538,2661.611538,3006.611538,2914.611538,2654.611538,2498.611538,3214.611538,2714.611538,2394.611538,2262.611538,2298.611538,2146.611538,1992.611538,1824.611538,1931.611538
590.425,4647.946154,4634.946154,3972.946154,3798.946154,3519.946154,3301.946154,3116.946154,3166.946154,3268.946154,3036.946154,3270.946154,3123.946154,2691.946154,2927.946154,2939.946154,2611.946154,2471.946154,3293.946154,2590.946154,2463.946154,2223.946154,2335.946154,2175.946154,2060.946154,1796.946154,1928.946154
588.563,4684.796154,4617.796154,3941.796154,3868.796154,3525.796154,3270.796154,3170.796154,3174.796154,3249.796154,3028.796154,3302.796154,3128.796154,2644.796154,2937.796154,3037.796154,2645.796154,2430.796154,3213.796154,2640.796154,2391.796154,2228.796154,2284.796154,2055.796154,2077.796154,1767.796154,1853.796154
586.701,4627.453846,4562.453846,3884.453846,3884.453846,3569.453846,3331.453846,3178.453846,3106.453846,3244.453846,3037.453846,3274.453846,3028.453846,2797.453846,3000.453846,2980.453846,2719.453846,2449.453846,3253.453846,2549.453846,2396.453846,2161.453846,2308.453846,2137.453846,2020.453846,1759.453846,1862.453846
584.836,4773.861538,4735.861538,3933.861538,3885.861538,3566.861538,3466.861538,3163.861538,3171.861538,3199.861538,2999.861538,3252.861538,2969.861538,2573.861538,2933.861538,2991.861538,2685.861538,2433.861538,3159.861538,2624.861538,2327.861538,2169.861538,2207.861538,1961.861538,2059.861538,1817.861538,1983.861538
582.973,4749.019231,4675.019231,3940.019231,3935.019231,3477.019231,3335.019231,3201.019231,3269.019231,3230.019231,3003.019231,3316.019231,3089.019231,2613.019231,3079.019231,3021.019231,2650.019231,2487.019231,3162.019231,2691.019231,2399.019231,2245.019231,2226.019231,2015.019231,1970.019231,1795.019231,1937.019231
581.107,4884.55,4800.55,3930.55,3931.55,3524.55,3493.55,3212.55,3271.55,3223.55,3127.55,3269.55,3058.55,2643.55,2929.55,3003.55,2689.55,2505.55,3169.55,2479.55,2408.55,2235.55,2280.55,2048.55,2012.55,1832.55,1981.55
579.243,4910.8,4835.8,3995.8,3955.8,3650.8,3389.8,3177.8,3211.8,3258.8,3059.8,3347.8,3102.8,2731.8,3024.8,3030.8,2656.8,2579.8,3062.8,2671.8,2347.8,2284.8,2188.8,2077.8,1976.8,1907.8,1996.8
577.377,4934.634615,4853.634615,4036.634615,4047.634615,3619.634615,3367.634615,3206.634615,3221.634615,3270.634615,3058.634615,3277.634615,3219.634615,2624.634615,3010.634615,3021.634615,2683.634615,2552.634615,3147.634615,2656.634615,2320.634615,2325.634615,2273.634615,2018.634615,2109.634615,1767.634615,1877.634615
575.512,4913.811538,4792.811538,4085.811538,3973.811538,3513.811538,3514.811538,3178.811538,3314.811538,3168.811538,3097.811538,3426.811538,3126.811538,2648.811538,3016.811538,3040.811538,2774.811538,2554.811538,3080.811538,2482.811538,2348.811538,2192.811538,2298.811538,2064.811538,2085.811538,1781.811538,1988.811538
573.645,4977.846154,4918.846154,3971.846154,3999.846154,3518.846154,3299.846154,3134.846154,3315.846154,3255.846154,3084.846154,3404.846154,3175.846154,2702.846154,3033.846154,3073.846154,2686.846154,2672.846154,3122.846154,2529.846154,2339.846154,2212.846154,2257.846154,2037.846154,2034.846154,1775.846154,1950.846154
571.78,4821.473077,4766.473077,3979.473077,3969.473077,3507.473077,3408.473077,3225.473077,3267.473077,3235.473077,3118.473077,3390.473077,3090.473077,2729.473077,2969.473077,3083.473077,2635.473077,2591.473077,3117.473077,2612.473077,2336.473077,2281.473077,2269.473077,2033.473077,2142.473077,1859.473077,1908.473077
569.912,4849.319231,4887.319231,4132.319231,3957.319231,3461.319231,3455.319231,3237.319231,3298.319231,3226.319231,3059.319231,3308.319231,3106.319231,2645.319231,2993.319231,3069.319231,2757.319231,2644.319231,3160.319231,2541.319231,2336.319231,2306.319231,2267.319231,1996.319231,1938.319231,1794.319231,1946.319231
568.045,4871.661538,4668.661538,4021.661538,4008.661538,3441.661538,3400.661538,3132.661538,3242.661538,3304.661538,3072.661538,3517.661538,3067.661538,2645.661538,2958.661538,2928.661538,2659.661538,2713.661538,3126.661538,2568.661538,2410.661538,2300.661538,2209.661538,2093.661538,2121.661538,1758.661538,1867.661538
566.177,4835.407692,4658.407692,4075.407692,4028.407692,3586.407692,3422.407692,3224.407692,3184.407692,3270.407692,2992.407692,3363.407692,3082.407692,2585.407692,2971.407692,3101.407692,2701.407692,2508.407692,3072.407692,2533.407692,2395.407692,2238.407692,2274.407692,2047.407692,2078.407692,1768.407692,1850.407692
564.31,4859.911538,4800.911538,4058.911538,3859.911538,3506.911538,3424.911538,3181.911538,3284.911538,3366.911538,3008.911538,3424.911538,3064.911538,2508.911538,3006.911538,2938.911538,2713.911538,2610.911538,3029.911538,2530.911538,2350.911538,2275.911538,2200.911538,1977.911538,1993.911538,1768.911538,1913.911538
562.441,4936.311538,4635.311538,4043.311538,3854.311538,3499.311538,3445.311538,3181.311538,3152.311538,3306.311538,2976.311538,3492.311538,3115.311538,2633.311538,3059.311538,2884.311538,2705.311538,2491.311538,3075.311538,2535.311538,2425.311538,2277.311538,2245.311538,1953.311538,2089.311538,1781.311538,1935.311538
560.573,4872.734615,4628.734615,4026.734615,3947.734615,3358.734615,3443.734615,3112.734615,3269.734615,3272.734615,3013.734615,3497.734615,3091.734615,2536.734615,3011.734615,2936.734615,2728.734615,2570.734615,3106.734615,2411.734615,2362.734615,2277.734615,2186.734615,1869.734615,2044.734615,1755.734615,1974.734615
558.703,4778,4598,4072,3801,3320,3384,3068,3196,3336,3053,3455,3087,2672,2933,3014,2696,2530,3044,2495,2228,2187,2193,1985,2138,1725,1842
556.834,4799.05,4504.05,3921.05,3727.05,3380.05,3329.05,3130.05,3185.05,3269.05,2950.05,3435.05,3094.05,2524.05,2868.05,3047.05,2645.05,2465.05,3016.05,2552.05,2381.05,2238.05,2169.05,2076.05,2076.05,1788.05,1937.05
554.964,4711.203846,4425.203846,3819.203846,3765.203846,3357.203846,3252.203846,2987.203846,3218.203846,3296.203846,2985.203846,3479.203846,3089.203846,2577.203846,2897.203846,2958.203846,2697.203846,2429.203846,3029.203846,2546.203846,2336.203846,2133.203846,2243.203846,2105.203846,2086.203846,1661.203846,1929.203846
553.094,4602.457692,4463.457692,3758.457692,3713.457692,3313.457692,3283.457692,3030.457692,3069.457692,3201.457692,2973.457692,3319.457692,3059.457692,2566.457692,2944.457692,2884.457692,2679.457692,2596.457692,3037.457692,2497.457692,2308.457692,2222.457692,2124.457692,2047.457692,2029.457692,1766.457692,1849.457692
551.223,4517.492308,4386.492308,3832.492308,3659.492308,3222.492308,3245.492308,2998.492308,3118.492308,3228.492308,3001.492308,3332.492308,2975.492308,2594.492308,2871.492308,2921.492308,2609.492308,2536.492308,2956.492308,2428.492308,2266.492308,2280.492308,2219.492308,1905.492308,1956.492308,1770.492308,1982.492308
549.351,4521.734615,4346.734615,3769.734615,3709.734615,3308.734615,3141.734615,2967.734615,3069.734615,3201.734615,2891.734615,3281.734615,2973.734615,2449.734615,2951.734615,2972.734615,2604.734615,2524.734615,3015.734615,2527.734615,2296.734615,2263.734615,2214.734615,2001.734615,1979.734615,1853.734615,1895.734615
547.481,4516.038462,4383.038462,3708.038462,3778.038462,3287.038462,3142.038462,2960.038462,3035.038462,3137.038462,2849.038462,3196.038462,3057.038462,2637.038462,2965.038462,2909.038462,2598.038462,2484.038462,2987.038462,2561.038462,2231.038462,2284.038462,2150.038462,1956.038462,2019.038462,1797.038462,1974.038462
545.608,4564.988462,4455.988462,3841.988462,3719.988462,3226.988462,3191.988462,3008.988462,3098.988462,3090.988462,2966.988462,3339.988462,3005.988462,2529.988462,2936.988462,2926.988462,2542.988462,2510.988462,2962.988462,2644.988462,2340.988462,2281.988462,2248.988462,1951.988462,1954.988462,1812.988462,1918.988462
543.737,4563.130769,4477.130769,3871.130769,3748.130769,3323.130769,3169.130769,3035.130769,3190.130769,3180.130769,2888.130769,3302.130769,3037.130769,2654.130769,2884.130769,2941.130769,2582.130769,2521.130769,2942.130769,2573.130769,2318.130769,2255.130769,2268.130769,2023.130769,1958.130769,1735.130769,1973.130769
541.864,4703.576923,4492.576923,3807.576923,3899.576923,3291.576923,3256.576923,3069.576923,3218.576923,3167.576923,3017.576923,3411.576923,3073.576923,2535.576923,2916.576923,2988.576923,2556.576923,2525.576923,3024.576923,2528.576923,2331.576923,2303.576923,2232.576923,1943.576923,2014.576923,1783.576923,1981.576923
539.99,4795.303846,4594.303846,3912.303846,3727.303846,3415.303846,3221.303846,3135.303846,3154.303846,3220.303846,2997.303846,3333.303846,3014.303846,2562.303846,2977.303846,2995.303846,2671.303846,2606.303846,2987.303846,2531.303846,2300.303846,2250.303846,2299.303846,1918.303846,2028.303846,1675.303846,1823.303846
538.118,4697.719231,4509.719231,3987.719231,3840.719231,3410.719231,3312.719231,3045.719231,3155.719231,3107.719231,3006.719231,3389.719231,3134.719231,2505.719231,2936.719231,2953.719231,2717.719231,2478.719231,3048.719231,2575.719231,2424.719231,2220.719231,2281.719231,1939.719231,2001.719231,1691.719231,1954.719231
536.243,4756.011538,4618.011538,3866.011538,3841.011538,3478.011538,3310.011538,3098.011538,3234.011538,3237.011538,2900.011538,3277.011538,3099.011538,2589.011538,2918.011538,2999.011538,2677.011538,2510.011538,3007.011538,2617.011538,2423.011538,2239.011538,2263.011538,1954.011538,1936.011538,1756.011538,1871.011538
534.37,4837.65,4509.65,3946.65,3832.65,3423.65,3261.65,3047.65,3248.65,3275.65,2979.65,3321.65,2960.65,2685.65,2957.65,2954.65,2624.65,2539.65,3044.65,2552.65,2352.65,2224.65,2290.65,1993.65,2033.65,1849.65,1849.65
532.495,4774.703846,4600.703846,3916.703846,3913.703846,3527.703846,3309.703846,2993.703846,3286.703846,3177.703846,3069.703846,3382.703846,2989.703846,2573.703846,2951.703846,2892.703846,2641.703846,2595.703846,2972.703846,2528.703846,2323.703846,2204.703846,2366.703846,1969.703846,2026.703846,1789.703846,1895.703846
530.619,4859.253846,4536.253846,3910.253846,3856.253846,3360.253846,3287.253846,3121.253846,3206.253846,3161.253846,3007.253846,3416.253846,3009.253846,2562.253846,3001.253846,2928.253846,2714.253846,2535.253846,3023.253846,2529.253846,2335.253846,2286.253846,2293.253846,2052.253846,1959.253846,1811.253846,1942.253846
528.745,4740.211538,4469.211538,3837.211538,3810.211538,3458.211538,3338.211538,2956.211538,3181.211538,3059.211538,2896.211538,3437.211538,3116.211538,2610.211538,2928.211538,2928.211538,2715.211538,2481.211538,3060.211538,2687.211538,2352.211538,2379.211538,2314.211538,2044.211538,1983.211538,1845.211538,1954.211538
526.869,4773.642308,4440.642308,3826.642308,3826.642308,3446.642308,3353.642308,2965.642308,3211.642308,3229.642308,2947.642308,3316.642308,3000.642308,2626.642308,2864.642308,2959.642308,2656.642308,2525.642308,3025.642308,2610.642308,2298.642308,2417.642308,2272.642308,2025.642308,2076.642308,1782.642308,1938.642308
524.992,4765.753846,4444.753846,3825.753846,3815.753846,3407.753846,3203.753846,3061.753846,3134.753846,3131.753846,2838.753846,3367.753846,3029.753846,2638.753846,2840.753846,2969.753846,2704.753846,2440.753846,2997.753846,2664.753846,2308.753846,2414.753846,2353.753846,1949.753846,1988.753846,1855.753846,1962.753846
523.117,4676.003846,4430.003846,3813.003846,3801.003846,3353.003846,3173.003846,3000.003846,3034.003846,3082.003846,2854.003846,3423.003846,3116.003846,2596.003846,2968.003846,2988.003846,2697.003846,2535.003846,2999.003846,2596.003846,2326.003846,2373.003846,2284.003846,1997.003846,2085.003846,1784.003846,1922.003846
521.239,4641.457692,4348.457692,3835.457692,3731.457692,3413.457692,3153.457692,2875.457692,3095.457692,3109.457692,2917.457692,3350.457692,3094.457692,2618.457692,2873.457692,3048.457692,2643.457692,2456.457692,2976.457692,2604.457692,2268.457692,2330.457692,2278.457692,1927.457692,2009.457692,1801.457692,1939.457692
519.361,4480.9,4327.9,3766.9,3623.9,3316.9,3119.9,2845.9,2993.9,3072.9,2852.9,3349.9,3091.9,2646.9,2804.9,2894.9,2659.9,2488.9,2985.9,2622.9,2315.9,2345.9,2263.9,1879.9,2064.9,1756.9,1937.9
517.483,4409.646154,4213.646154,3687.646154,3566.646154,3283.646154,3069.646154,2842.646154,2945.646154,2889.646154,2843.646154,3267.646154,3009.646154,2670.646154,2901.646154,2908.646154,2663.646154,2604.646154,2867.646154,2534.646154,2283.646154,2326.646154,2233.646154,1908.646154,2004.646154,1818.646154,1867.646154
515.607,4387.107692,4176.107692,3595.107692,3551.107692,3319.107692,3075.107692,2784.107692,2942.107692,2933.107692,2810.107692,3303.107692,3041.107692,2578.107692,2858.107692,2997.107692,2744.107692,2517.107692,2887.107692,2527.107692,2287.107692,2225.107692,2226.107692,1877.107692,2005.107692,1742.107692,1774.107692
513.728,4320.876923,4140.876923,3585.876923,3460.876923,3326.876923,2973.876923,2750.876923,2942.876923,2986.876923,2725.876923,3242.876923,2955.876923,2667.876923,2932.876923,2928.876923,2620.876923,2593.876923,2939.876923,2546.876923,2235.876923,2135.876923,2166.876923,1798.876923,1968.876923,1687.876923,1856.876923
511.848,4243.576923,4120.576923,3648.576923,3458.576923,3214.576923,2904.576923,2705.576923,2927.576923,2913.576923,2734.576923,3224.576923,3029.576923,2635.576923,2804.576923,2924.576923,2610.576923,2558.576923,2826.576923,2477.576923,2165.576923,2191.576923,2169.576923,1846.576923,1944.576923,1665.576923,1839.576923
